Idx,Name,Date of Birth,Year,Month,Day,Quarter,Club,Country,(Millions of Euros)
1,LionelMessi,24/06/1987,1987,6,24,2,FCBarcelona,Argentina,120
2,CristianoRonaldo,05/02/1985,1985,2,5,1,RealMadrid,Portugal,100
3,GarethBale,16/07/1989,1989,7,16,3,RealMadrid,Wales,80
4,Falcao,10/02/1986,1986,2,10,1,ASMonaco,Colombia,60
5,EdinsonCavani,14/02/1987,1987,2,14,1,ParisSaint-Germain,Uruguay,60
6,Neymar,05/02/1992,1992,2,5,1,FCBarcelona,Brazil,60
7,AndrésIniesta,11/05/1984,1984,5,11,2,FCBarcelona,Spain,55
8,MarioGötze,03/06/1992,1992,6,3,2,FCBayernMunich,Germany,55
9,LuisSuárez,24/01/1987,1987,1,24,1,LiverpoolFC,Uruguay,52
10,CescFàbregas,04/05/1987,1987,5,4,2,FCBarcelona,Spain,50
11,MesutÖzil,15/10/1988,1988,10,15,4,ArsenalFC,Germany,50
12,RobertLewandowski,21/08/1988,1988,8,21,3,BorussiaDortmund,Poland,50
13,Hulk,25/07/1986,1986,7,25,3,ZenitSt.Petersburg,Brazil,48
14,WayneRooney,24/10/1985,1985,10,24,4,ManchesterUnited,England,45
15,KunAgüero,02/06/1988,1988,6,2,2,ManchesterCity,Argentina,45
16,EdenHazard,07/01/1991,1991,1,7,1,ChelseaFC,Belgium,45
17,ThomasMüller,13/09/1989,1989,9,13,3,FCBayernMunich,Germany,45
18,SergioBusquets,16/07/1988,1988,7,16,3,FCBarcelona,Spain,45
19,ArturoVidal,22/05/1987,1987,5,22,2,JuventusFC,Chile,44
20,FranckRibéry,07/04/1983,1983,4,7,2,FCBayernMunich,France,42
21,BastianSchweinsteiger,01/08/1984,1984,8,1,3,FCBayernMunich,Germany,40
22,RobinvanPersie,06/08/1983,1983,8,6,3,ManchesterUnited,Netherlands,40
23,SergioRamos,30/03/1986,1986,3,30,1,RealMadrid,Spain,40
24,LukaModric,09/09/1985,1985,9,9,3,RealMadrid,Croatia,40
25,ThiagoSilva,22/09/1984,1984,9,22,3,ParisSaint-Germain,Brazil,40
26,ToniKroos,04/01/1990,1990,1,4,1,FCBayernMunich,Germany,40
27,MarcoReus,31/05/1989,1989,5,31,2,BorussiaDortmund,Germany,40
28,DavidSilva,08/01/1986,1986,1,8,1,ManchesterCity,Spain,40
29,MarekHamsik,27/07/1987,1987,7,27,3,SSCNapoli,Slovakia,40
30,JuanMata,28/04/1988,1988,4,28,2,ManchesterUnited,Spain,40
31,GonzaloHiguaín,10/12/1987,1987,12,10,4,SSCNapoli,Argentina,38
32,JaviMartínez,02/09/1988,1988,9,2,3,FCBayernMunich,Spain,37
33,GerardPiqué,02/02/1987,1987,2,2,1,FCBarcelona,Spain,36
34,VincentKompany,10/04/1986,1986,4,10,2,ManchesterCity,Belgium,35
35,ManuelNeuer,27/03/1986,1986,3,27,1,FCBayernMunich,Germany,35
36,AxelWitsel,12/01/1989,1989,1,12,1,ZenitSt.Petersburg,Belgium,35
37,Isco,21/04/1992,1992,4,21,2,RealMadrid,Spain,35
38,JamesRodríguez,12/07/1991,1991,7,12,3,ASMonaco,Colombia,35
39,KarimBenzema,19/12/1987,1987,12,19,4,RealMadrid,France,34
40,Oscar,09/09/1991,1991,9,9,3,ChelseaFC,Brazil,34
41,PaulPogba,15/03/1993,1993,3,15,1,JuventusFC,France,34
42,JackWilshere,01/01/1992,1992,1,1,1,ArsenalFC,England,33
43,Lucas,13/08/1992,1992,8,13,3,ParisSaint-Germain,Brazil,33
44,Fernandinho,04/05/1985,1985,5,4,2,ManchesterCity,Brazil,32
45,DavidAlaba,24/06/1992,1992,6,24,2,FCBayernMunich,Austria,32
46,PhilippLahm,11/11/1983,1983,11,11,4,FCBayernMunich,Germany,30
47,YayaTouré,13/05/1983,1983,5,13,2,ManchesterCity,Coted'Ivoire,30
48,SantiCazorla,13/12/1984,1984,12,13,4,ArsenalFC,Spain,30
49,JoãoMoutinho,08/09/1986,1986,9,8,3,ASMonaco,Portugal,30
50,AlexisSánchez,19/12/1988,1988,12,19,4,FCBarcelona,Chile,30
51,DiegoCosta,07/10/1988,1988,10,7,4,AtléticodeMadrid,Spain,30
52,MarioBalotelli,12/08/1990,1990,8,12,3,ACMilan,Italy,30
53,ÁngeldiMaría,14/02/1988,1988,2,14,1,RealMadrid,Argentina,30
54,Willian,09/08/1988,1988,8,9,3,ChelseaFC,Brazil,30
55,Ramires,24/03/1987,1987,3,24,1,ChelseaFC,Brazil,30
56,ThiagoAlcántara,11/04/1991,1991,4,11,2,FCBayernMunich,Spain,30
57,JacksonMartínez,03/10/1986,1986,10,3,4,FCPorto,Colombia,30
58,JulianDraxler,20/09/1993,1993,9,20,3,FCSchalke04,Germany,30
59,ZlatanIbrahimovic,03/10/1981,1981,10,3,4,ParisSaint-Germain,Sweden,28
60,JérômeBoateng,03/09/1988,1988,9,3,3,FCBayernMunich,Germany,28
61,TheoWalcott,16/03/1989,1989,3,16,1,ArsenalFC,England,28
62,ClaudioMarchisio,19/01/1986,1986,1,19,1,JuventusFC,Italy,28
63,ÁlvaroNegredo,20/08/1985,1985,8,20,3,ManchesterCity,Spain,27
64,IlkayGündogan,24/10/1990,1990,10,24,4,BorussiaDortmund,Germany,27
65,MatsHummels,16/12/1988,1988,12,16,4,BorussiaDortmund,Germany,26
66,StevanJovetic,02/11/1989,1989,11,2,4,ManchesterCity,Montenegro,26
67,DavidLuiz,22/04/1987,1987,4,22,2,ChelseaFC,Brazil,26
68,HenrikhMkhitaryan,21/01/1989,1989,1,21,1,BorussiaDortmund,Armenia,26
69,ArjenRobben,23/01/1984,1984,1,23,1,FCBayernMunich,Netherlands,25
70,GiuseppeRossi,01/02/1987,1987,2,1,1,ACFiorentina,Italy,25
71,ArdaTuran,30/01/1987,1987,1,30,1,AtléticodeMadrid,Turkey,25
72,RobertoSoldado,27/05/1985,1985,5,27,2,TottenhamHotspur,Spain,25
73,Marcelo,12/05/1988,1988,5,12,2,RealMadrid,Brazil,25
74,Pedro,28/07/1987,1987,7,28,3,FCBarcelona,Spain,25
75,JordiAlba,21/03/1989,1989,3,21,1,FCBarcelona,Spain,25
76,Koke,08/01/1992,1992,1,8,1,AtléticodeMadrid,Spain,25
77,NemanjaMatic,01/08/1988,1988,8,1,3,ChelseaFC,Serbia,25
78,StephanElShaarawy,27/10/1992,1992,10,27,4,ACMilan,Italy,25
79,RomeluLukaku,13/05/1993,1993,5,13,2,EvertonFC,Belgium,25
80,ThibautCourtois,11/05/1992,1992,5,11,2,AtléticodeMadrid,Belgium,25
81,AntoineGriezmann,21/03/1991,1991,3,21,1,RealSociedad,France,25
82,Marquinhos,14/05/1994,1994,5,14,2,ParisSaint-Germain,Brazil,25
83,SamirHandanovic,14/07/1984,1984,7,14,3,InterMilan,Slovenia,24
84,EdinDzeko,17/03/1986,1986,3,17,1,ManchesterCity,Bosnia-Herzegovina,24
85,GiorgioChiellini,14/08/1984,1984,8,14,3,JuventusFC,Italy,24
86,JuanCuadrado,26/05/1988,1988,5,26,2,ACFiorentina,Colombia,24
87,ÉrikLamela,04/03/1992,1992,3,4,1,TottenhamHotspur,Argentina,24
88,RaphaëlVarane,25/04/1993,1993,4,25,2,RealMadrid,France,24
89,LukasPodolski,04/06/1985,1985,6,4,2,ArsenalFC,Germany,23
90,MarioMandzukic,21/05/1986,1986,5,21,2,FCBayernMunich,Croatia,23
91,MarouaneFellaini,22/11/1987,1987,11,22,4,ManchesterUnited,Belgium,23
92,BorjaValero,12/01/1985,1985,1,12,1,ACFiorentina,Spain,23
93,AlanDzagoev,17/06/1990,1990,6,17,2,CSKAMoscow,Russia,23
94,SeydouDoumbia,31/12/1987,1987,12,31,4,CSKAMoscow,Coted'Ivoire,23
95,EliaquimMangala,13/02/1991,1991,2,13,1,FCPorto,France,23
96,CarlosTévez,05/02/1984,1984,2,5,1,JuventusFC,Argentina,22
97,MarioGómez,10/07/1985,1985,7,10,3,ACFiorentina,Germany,22
98,SamirNasri,26/06/1987,1987,6,26,2,ManchesterCity,France,22
99,SamiKhedira,04/04/1987,1987,4,4,2,RealMadrid,Germany,22
100,YohanCabaye,14/01/1986,1986,1,14,1,ParisSaint-Germain,France,22
101,LarsBender,27/04/1989,1989,4,27,2,Bayer04Leverkusen,Germany,22
102,JanVertonghen,24/04/1987,1987,4,24,2,TottenhamHotspur,Belgium,22
103,Hernanes,29/05/1985,1985,5,29,2,InterMilan,Brazil,22
104,LeandroDamião,22/07/1989,1989,7,22,3,SantosFC,Brazil,22
105,EzequielLavezzi,03/05/1985,1985,5,3,2,ParisSaint-Germain,Argentina,21
106,KevinStrootman,13/02/1990,1990,2,13,1,ASRoma,Netherlands,21
107,MatijaNastasic,28/03/1993,1993,3,28,1,ManchesterCity,Serbia,21
108,SalvatoreSirigu,12/01/1987,1987,1,12,1,ParisSaint-Germain,Italy,20.5
109,JavierPastore,20/06/1989,1989,6,20,2,ParisSaint-Germain,Argentina,20.5
110,PetrCech,20/05/1982,1982,5,20,2,ChelseaFC,CzechRepublic,20
111,DanieleDeRossi,24/07/1983,1983,7,24,3,ASRoma,Italy,20
112,LeightonBaines,11/12/1984,1984,12,11,4,EvertonFC,England,20
113,IgorAkinfeev,08/04/1986,1986,4,8,2,CSKAMoscow,Russia,20
114,JesúsNavas,21/11/1985,1985,11,21,4,ManchesterCity,Spain,20
115,MoussaDembélé,16/07/1987,1987,7,16,3,TottenhamHotspur,Belgium,20
116,JohnObiMikel,22/04/1987,1987,4,22,2,ChelseaFC,Nigeria,20
117,IvanRakitic,10/03/1988,1988,3,10,1,SevillaFC,Croatia,20
118,BlaiseMatuidi,09/04/1987,1987,4,9,2,ParisSaint-Germain,France,20
119,FernandoLlorente,26/02/1985,1985,2,26,1,JuventusFC,Spain,20
120,CarlosVela,01/03/1989,1989,3,1,1,RealSociedad,Mexico,20
121,EzequielGaray,10/10/1986,1986,10,10,4,SLBenfica,Argentina,20
122,LeonardoBonucci,01/05/1987,1987,5,1,2,JuventusFC,Italy,20
123,NevenSubotic,10/12/1988,1988,12,10,4,BorussiaDortmund,Serbia,20
124,MiralemPjanic,02/04/1990,1990,4,2,2,ASRoma,Bosnia-Herzegovina,20
125,RuiPatrício,15/02/1988,1988,2,15,1,SportingLisbon,Portugal,20
126,DanielSturridge,01/09/1989,1989,9,1,3,LiverpoolFC,England,20
127,AaronRamsey,26/12/1990,1990,12,26,4,ArsenalFC,Wales,20
128,DiegoGodín,16/02/1986,1986,2,16,1,AtléticodeMadrid,Uruguay,20
129,AndréSchürrle,06/11/1990,1990,11,6,4,ChelseaFC,Germany,20
130,KwadwoAsamoah,09/12/1988,1988,12,9,4,JuventusFC,Ghana,20
131,AndriyYarmolenko,23/10/1989,1989,10,23,4,DynamoKyiv,Ukraine,20
132,Marc-AndréterStegen,30/04/1992,1992,4,30,2,BorussiaMönchengladbach,Germany,20
133,OlivierGiroud,30/09/1986,1986,9,30,3,ArsenalFC,France,20
134,XherdanShaqiri,10/10/1991,1991,10,10,4,FCBayernMunich,Switzerland,20
135,AnderHerrera,14/08/1989,1989,8,14,3,AthleticClub,Spain,20
136,MarcoVerratti,05/11/1992,1992,11,5,4,ParisSaint-Germain,Italy,20
137,Bernard,08/09/1992,1992,9,8,3,ShakhtarDonetsk,Brazil,20
138,FernandoTorres,20/03/1984,1984,3,20,1,ChelseaFC,Spain,19
139,PabloZabaleta,16/01/1985,1985,1,16,1,ManchesterCity,Argentina,19
140,GaryCahill,19/12/1985,1985,12,19,4,ChelseaFC,England,19
141,BranislavIvanovic,22/02/1984,1984,2,22,1,ChelseaFC,Serbia,19
142,MamadouSakho,13/02/1990,1990,2,13,1,LiverpoolFC,France,19
143,KyleWalker,28/05/1990,1990,5,28,2,TottenhamHotspur,England,19
144,PerMertesacker,29/09/1984,1984,9,29,3,ArsenalFC,Germany,18
145,LuizGustavo,23/07/1987,1987,7,23,3,VfLWolfsburg,Brazil,18
146,Pepe,26/02/1983,1983,2,26,1,RealMadrid,Portugal,18
147,DaniAlves,06/05/1983,1983,5,6,2,FCBarcelona,Brazil,18
148,JeffersonFarfán,26/10/1984,1984,10,26,4,FCSchalke04,Peru,18
149,AlessioCerci,23/07/1987,1987,7,23,3,TorinoFC,Italy,18
150,AlexSong,09/09/1987,1987,9,9,3,FCBarcelona,Cameroon,18
151,SvenBender,27/04/1989,1989,4,27,2,BorussiaDortmund,Germany,18
152,FredyGuarín,30/06/1986,1986,6,30,2,InterMilan,Colombia,18
153,MehdiBenatia,17/04/1987,1987,4,17,2,ASRoma,Morocco,18
154,ChristianBenteke,03/12/1990,1990,12,3,4,AstonVilla,Belgium,18
155,IkerMuniain,19/12/1992,1992,12,19,4,AthleticClub,Spain,18
156,CésarAzpilicueta,28/08/1989,1989,8,28,3,ChelseaFC,Spain,18
157,AsierIllarramendi,08/03/1990,1990,3,8,1,RealMadrid,Spain,18
158,ChristianEriksen,14/02/1992,1992,2,14,1,TottenhamHotspur,Denmark,18
159,BerndLeno,04/03/1992,1992,3,4,1,Bayer04Leverkusen,Germany,18
160,NicolásGaitán,23/02/1988,1988,2,23,1,SLBenfica,Argentina,18
161,LaurentKoscielny,10/09/1985,1985,9,10,3,ArsenalFC,France,18
162,KevinVolland,30/07/1992,1992,7,30,3,TSG1899Hoffenheim,Germany,18
163,AleksandrKokorin,19/03/1991,1991,3,19,1,DinamoMoscow,Russia,18
164,PhilJones,21/02/1992,1992,2,21,1,ManchesterUnited,England,18
165,Fernando,25/07/1987,1987,7,25,3,FCPorto,Portugal,17.5
166,StephanLichtsteiner,16/01/1984,1984,1,16,1,JuventusFC,Switzerland,17
167,WesleySneijder,09/06/1984,1984,6,9,2,GalatasaraySK,Netherlands,17
168,Dante,18/10/1983,1983,10,18,4,FCBayernMunich,Brazil,17
169,DanielAgger,12/12/1984,1984,12,12,4,LiverpoolFC,Denmark,17
170,Lucas,09/01/1987,1987,1,9,1,LiverpoolFC,Brazil,17
171,RadjaNainggolan,04/05/1988,1988,5,4,2,ASRoma,Belgium,17
172,Pierre-EmerickAubameyang,18/06/1989,1989,6,18,2,BorussiaDortmund,Gabon,17
173,EvgenKonoplyanka,29/09/1989,1989,9,29,3,DniproDnipropetrovsk,Ukraine,17
174,DaviddeGea,07/11/1990,1990,11,7,4,ManchesterUnited,Spain,17
175,AlexTeixeira,06/01/1990,1990,1,6,1,ShakhtarDonetsk,Brazil,17
176,KeisukeHonda,13/06/1986,1986,6,13,2,ACMilan,Japan,17
177,DannyWelbeck,26/11/1990,1990,11,26,4,ManchesterUnited,England,17
178,ShinjiKagawa,17/03/1989,1989,3,17,1,ManchesterUnited,Japan,17
179,EduardoSalvio,13/07/1990,1990,7,13,3,SLBenfica,Argentina,17
180,KevindeBruyne,28/06/1991,1991,6,28,2,VfLWolfsburg,Belgium,17
181,AlexOxlade-Chamberlain,15/08/1993,1993,8,15,3,ArsenalFC,England,17
182,AntonioCandreva,28/02/1987,1987,2,28,1,SSLazio,Italy,16.5
183,AndreaRanocchia,16/02/1988,1988,2,16,1,InterMilan,Italy,16.5
184,RicardoÁlvarez,12/04/1988,1988,4,12,2,InterMilan,Argentina,16.5
185,HugoLloris,26/12/1986,1986,12,26,4,TottenhamHotspur,France,16
186,RiccardoMontolivo,18/01/1985,1985,1,18,1,ACMilan,Italy,16
187,ValonBehrami,19/04/1985,1985,4,19,2,SSCNapoli,Switzerland,16
188,LassanaDiarra,10/03/1985,1985,3,10,1,LokomotivMoscow,France,16
189,AntonioValencia,04/08/1985,1985,8,4,3,ManchesterUnited,Ecuador,16
190,Nani,17/11/1986,1986,11,17,4,ManchesterUnited,Portugal,16
191,BurakYilmaz,15/07/1985,1985,7,15,3,GalatasaraySK,Turkey,16
192,JaviGarcía,08/02/1987,1987,2,8,1,ManchesterCity,Spain,16
193,BenediktHöwedes,29/02/1988,1988,2,29,1,FCSchalke04,Germany,16
194,JoeHart,19/04/1987,1987,4,19,2,ManchesterCity,England,16
195,AndyCarroll,06/01/1989,1989,1,6,1,WestHamUnited,England,16
196,Chicharito,01/06/1988,1988,6,1,2,ManchesterUnited,Mexico,16
197,Paulinho,25/07/1988,1988,7,25,3,TottenhamHotspur,Brazil,16
198,FernandoMuslera,16/06/1986,1986,6,16,2,GalatasaraySK,Uruguay,16
199,JoséCallejón,11/02/1987,1987,2,11,1,SSCNapoli,Spain,16
200,AlexSandro,26/01/1991,1991,1,26,1,FCPorto,Brazil,16
201,Coutinho,12/06/1992,1992,6,12,2,LiverpoolFC,Brazil,16
202,GeoffreyKondogbia,15/02/1993,1993,2,15,1,ASMonaco,France,16
203,MoussaSow,19/01/1986,1986,1,19,1,FenerbahceSK,Senegal,15.5
204,JamesMilner,04/01/1986,1986,1,4,1,ManchesterCity,England,15
205,StefanKießling,25/01/1984,1984,1,25,1,Bayer04Leverkusen,Germany,15
206,MirkoVucinic,01/10/1983,1983,10,1,4,JuventusFC,Montenegro,15
207,AaronLennon,16/04/1987,1987,4,16,2,TottenhamHotspur,England,15
208,Kevin-PrinceBoateng,06/03/1987,1987,3,6,1,FCSchalke04,Ghana,15
209,JavierMascherano,08/06/1984,1984,6,8,2,FCBarcelona,Argentina,15
210,Filipe,09/08/1985,1985,8,9,3,AtléticodeMadrid,Brazil,15
211,SteveMandanda,28/03/1985,1985,3,28,1,OlympiqueMarseille,France,15
212,LukaszPiszczek,03/06/1985,1985,6,3,2,BorussiaDortmund,Poland,15
213,JakubBlaszczykowski,14/12/1985,1985,12,14,4,BorussiaDortmund,Poland,15
214,Miranda,07/09/1984,1984,9,7,3,AtléticodeMadrid,Brazil,15
215,Sokratis,09/06/1988,1988,6,9,2,BorussiaDortmund,Greece,15
216,Adriano,26/10/1984,1984,10,26,4,FCBarcelona,Brazil,15
217,ÖmerToprak,21/07/1989,1989,7,21,3,Bayer04Leverkusen,Turkey,15
218,WojciechSzczesny,18/04/1990,1990,4,18,2,ArsenalFC,Poland,15
219,MateoKovacic,06/05/1994,1994,5,6,2,InterMilan,Croatia,15
220,YannM'Vila,29/06/1990,1990,6,29,2,RubinKazan,France,15
221,JordanHenderson,17/06/1990,1990,6,17,2,LiverpoolFC,England,15
222,Rafael,09/07/1990,1990,7,9,3,ManchesterUnited,Brazil,15
223,Taison,13/01/1988,1988,1,13,1,ShakhtarDonetsk,Brazil,15
224,JoséSalomónRondón,16/09/1989,1989,9,16,3,ZenitSt.Petersburg,Venezuela,15
225,WilfriedBony,10/12/1988,1988,12,10,4,SwanseaCity,Coted'Ivoire,15
226,RicardoRodríguez,25/08/1992,1992,8,25,3,VfLWolfsburg,Switzerland,15
227,RobertoFirmino,02/10/1991,1991,10,2,4,TSG1899Hoffenheim,Brazil,15
228,LorenzoInsigne,04/06/1991,1991,6,4,2,SSCNapoli,Italy,15
229,Jesé,26/02/1993,1993,2,26,1,RealMadrid,Spain,15
230,AshleyYoung,09/07/1985,1985,7,9,3,ManchesterUnited,England,14
231,Danny,07/08/1983,1983,8,7,3,ZenitSt.Petersburg,Portugal,14
232,IgorDenisov,17/05/1984,1984,5,17,2,DinamoMoscow,Russia,14
233,ThomasVermaelen,14/11/1985,1985,11,14,4,ArsenalFC,Belgium,14
234,Juanfran,09/01/1985,1985,1,9,1,AtléticodeMadrid,Spain,14
235,JérémyMénez,07/05/1987,1987,5,7,2,ParisSaint-Germain,France,14
236,GökhanInler,27/06/1984,1984,6,27,2,SSCNapoli,Switzerland,14
237,GiampaoloPazzini,02/08/1984,1984,8,2,3,ACMilan,Italy,14
238,MbarkBoussoufa,15/08/1984,1984,8,15,3,LokomotivMoscow,Morocco,14
239,MartinSkrtel,15/12/1984,1984,12,15,4,LiverpoolFC,Slovakia,14
240,FábioCoentrão,11/03/1988,1988,3,11,1,RealMadrid,Portugal,14
241,MathieuValbuena,28/09/1984,1984,9,28,3,OlympiqueMarseille,France,14
242,SalvatoreBocchetti,30/11/1986,1986,11,30,4,SpartakMoscow,Italy,14
243,DomenicoCriscito,30/12/1986,1986,12,30,4,ZenitSt.Petersburg,Italy,14
244,RomanEremenko,19/03/1987,1987,3,19,1,RubinKazan,Finland,14
245,ÓscarCardozo,20/05/1983,1983,5,20,2,SLBenfica,Paraguay,14
246,JoeAllen,14/03/1990,1990,3,14,1,LiverpoolFC,Wales,14
247,SebastianGiovinco,26/01/1987,1987,1,26,1,JuventusFC,Italy,14
248,MaximeGonalons,10/03/1989,1989,3,10,1,OlympiqueLyon,France,14
249,TomCleverley,12/08/1989,1989,8,12,3,ManchesterUnited,England,14
250,Sandro,15/03/1989,1989,3,15,1,TottenhamHotspur,Brazil,14
251,VictorWanyama,25/06/1991,1991,6,25,2,SouthamptonFC,Kenya,14
252,YutoNagatomo,12/09/1986,1986,9,12,3,InterMilan,Japan,14
253,Heung-MinSon,08/07/1992,1992,7,8,3,Bayer04Leverkusen,"Korea,South",14
254,LuisMuriel,16/04/1991,1991,4,16,2,UdineseCalcio,Colombia,14
255,EmmanuelEmenike,10/05/1987,1987,5,10,2,FenerbahceSK,Nigeria,14
256,FlorianThauvin,26/01/1993,1993,1,26,1,OlympiqueMarseille,France,14
257,GaëlClichy,26/07/1985,1985,7,26,3,ManchesterCity,France,13
258,Gervinho,27/05/1987,1987,5,27,2,ASRoma,Coted'Ivoire,13
259,PabloOsvaldo,12/01/1986,1986,1,12,1,JuventusFC,Italy,13
260,CamiloZúñiga,14/12/1985,1985,12,14,4,SSCNapoli,Colombia,13
261,JonnyEvans,03/01/1988,1988,1,3,1,ManchesterUnited,NorthernIreland,13
262,KieranGibbs,26/09/1989,1989,9,26,3,ArsenalFC,England,13
263,AngeloOgbonna,23/05/1988,1988,5,23,2,JuventusFC,Italy,13
264,NicolásOtamendi,12/02/1988,1988,2,12,1,ClubeAtléticoMineiro,Argentina,13
265,NicolasN'Koulou,27/03/1990,1990,3,27,1,OlympiqueMarseille,Cameroon,13
266,JoelMatip,08/08/1991,1991,8,8,3,FCSchalke04,Cameroon,13
267,MárioFernandes,19/09/1990,1990,9,19,3,CSKAMoscow,Brazil,13
268,RaheemSterling,08/12/1994,1994,12,8,4,LiverpoolFC,England,13
269,MohamedSalah,15/06/1992,1992,6,15,2,ChelseaFC,Egypt,13
270,LukeShaw,12/07/1995,1995,7,12,3,SouthamptonFC,England,13
271,DimitriPayet,29/03/1987,1987,3,29,1,OlympiqueMarseille,France,12.5
272,GlenJohnson,23/08/1984,1984,8,23,3,LiverpoolFC,England,12
273,IkerCasillas,20/05/1981,1981,5,20,2,RealMadrid,Spain,12
274,Diego,28/02/1985,1985,2,28,1,AtléticodeMadrid,Brazil,12
275,Klaas-JanHuntelaar,12/08/1983,1983,8,12,3,FCSchalke04,Netherlands,12
276,XabiAlonso,25/11/1981,1981,11,25,4,RealMadrid,Spain,12
277,VictorValdés,14/01/1982,1982,1,14,1,FCBarcelona,Spain,12
278,ÉverBanega,29/06/1988,1988,6,29,2,ClubAtléticoNewell'sOldBoys,Argentina,12
279,RaúlAlbiol,04/09/1985,1985,9,4,3,SSCNapoli,Spain,12
280,ManuelFernandes,05/02/1986,1986,2,5,1,BesiktasJK,Portugal,12
281,HatemBenArfa,07/03/1987,1987,3,7,1,NewcastleUnited,France,12
282,FedericoMarchetti,07/02/1983,1983,2,7,1,SSLazio,Italy,12
283,BacarySagna,14/02/1983,1983,2,14,1,ArsenalFC,France,12
284,GonzaloCastro,11/06/1987,1987,6,11,2,Bayer04Leverkusen,Germany,12
285,RasmusElm,17/03/1988,1988,3,17,1,CSKAMoscow,Sweden,12
286,NuriSahin,05/09/1988,1988,9,5,3,BorussiaDortmund,Turkey,12
287,MicahRichards,24/06/1988,1988,6,24,2,ManchesterCity,England,12
288,KevinMirallas,05/10/1987,1987,10,5,4,EvertonFC,Belgium,12
289,RaúlGarcía,11/07/1986,1986,7,11,3,AtléticodeMadrid,Spain,12
290,KonstantinosMitroglou,12/03/1988,1988,3,12,1,FulhamFC,Greece,12
291,SelcukInan,10/02/1985,1985,2,10,1,GalatasaraySK,Turkey,12
292,JoséEnrique,23/01/1986,1986,1,23,1,LiverpoolFC,Spain,12
293,AlexandrePato,02/09/1989,1989,9,2,3,SãoPauloFutebolClube,Brazil,12
294,DejanLovren,05/07/1989,1989,7,5,3,SouthamptonFC,Croatia,12
295,RodrigoPalacio,05/02/1982,1982,2,5,1,InterMilan,Argentina,12
296,LoïcRémy,02/01/1987,1987,1,2,1,NewcastleUnited,France,12
297,JamesMcCarthy,12/11/1990,1990,11,12,4,EvertonFC,Ireland,12
298,AndréAyew,17/12/1989,1989,12,17,4,OlympiqueMarseille,Ghana,12
299,AleksandarKolarov,10/11/1985,1985,11,10,4,ManchesterCity,Serbia,12
300,Jonas,01/04/1984,1984,4,1,2,ValenciaCF,Brazil,12
301,SimonMignolet,06/03/1988,1988,3,6,1,LiverpoolFC,Belgium,12
302,Lima,11/08/1983,1983,8,11,3,SLBenfica,Brazil,12
303,BibrasNatcho,18/02/1988,1988,2,18,1,PAOKThessaloniki,Israel,12
304,JackRodwell,11/03/1991,1991,3,11,1,ManchesterCity,England,12
305,SofianeFeghouli,26/12/1989,1989,12,26,4,ValenciaCF,Algeria,12
306,KyriakosPapadopoulos,23/02/1992,1992,2,23,1,FCSchalke04,Greece,12
307,MartínMontoya,14/04/1991,1991,4,14,2,FCBarcelona,Spain,12
308,MauroIcardi,19/02/1993,1993,2,19,1,InterMilan,Argentina,12
309,AdemLjajic,29/09/1991,1991,9,29,3,ASRoma,Serbia,12
310,Michu,21/03/1986,1986,3,21,1,SwanseaCity,Spain,12
311,DouglasCosta,14/09/1990,1990,9,14,3,ShakhtarDonetsk,Brazil,12
312,MattiaDeSciglio,20/10/1992,1992,10,20,4,ACMilan,Italy,12
313,YaroslavRakitsky,03/08/1989,1989,8,3,3,ShakhtarDonetsk,Ukraine,12
314,MarcBartra,15/01/1991,1991,1,15,1,FCBarcelona,Spain,12
315,ChrisSmalling,22/11/1989,1989,11,22,4,ManchesterUnited,England,12
316,JuanJesus,10/06/1991,1991,6,10,2,InterMilan,Brazil,12
317,ÁlvaroMorata,23/10/1992,1992,10,23,4,RealMadrid,Spain,12
318,GerardDeulofeu,13/03/1994,1994,3,13,1,EvertonFC,Spain,12
319,AlessandroFlorenzi,11/03/1991,1991,3,11,1,ASRoma,Italy,12
320,Rodrigo,06/03/1991,1991,3,6,1,SLBenfica,Spain,12
321,DanielCarvajal,11/01/1992,1992,1,11,1,RealMadrid,Spain,12
322,IñigoMartínez,17/05/1991,1991,5,17,2,RealSociedad,Spain,12
323,AhmedMusa,14/10/1992,1992,10,14,4,CSKAMoscow,Nigeria,12
324,TimoWerner,06/03/1996,1996,3,6,1,VfBStuttgart,Germany,12
325,MattiaDestro,20/03/1991,1991,3,20,1,ASRoma,Italy,11.5
326,Danilo,15/07/1991,1991,7,15,3,FCPorto,Brazil,11.5
327,BlerimDzemaili,12/04/1986,1986,4,12,2,SSCNapoli,Switzerland,11
328,IgnazioAbate,12/11/1986,1986,11,12,4,ACMilan,Italy,11
329,BalázsDzsudzsák,23/12/1986,1986,12,23,4,DinamoMoscow,Hungary,11
330,DmitriKombarov,22/01/1987,1987,1,22,1,SpartakMoscow,Russia,11
331,DembaBa,25/05/1985,1985,5,25,2,ChelseaFC,Senegal,11
332,NachoMonreal,26/02/1986,1986,2,26,1,ArsenalFC,Spain,11
333,MoussaSissoko,16/08/1989,1989,8,16,3,NewcastleUnited,France,11
334,EnzoPérez,22/06/1986,1986,6,22,2,SLBenfica,Argentina,11
335,OnurKivrak,01/01/1988,1988,1,1,1,Trabzonspor,Turkey,11
336,VictorMoses,12/12/1990,1990,12,12,4,LiverpoolFC,Nigeria,11
337,GaryMedel,03/08/1987,1987,8,3,3,CardiffCity,Chile,11
338,MameDiouf,16/12/1987,1987,12,16,4,Hannover96,Senegal,11
339,LacinaTraoré,20/05/1990,1990,5,20,2,EvertonFC,Coted'Ivoire,11
340,DavideAstori,07/01/1987,1987,1,7,1,CagliariCalcio,Italy,11
341,IshakBelfodil,12/01/1992,1992,1,12,1,ASLivorno,Algeria,11
342,YounèsBelhanda,25/02/1990,1990,2,25,1,DynamoKyiv,Morocco,11
343,VladChiriches,14/11/1989,1989,11,14,4,TottenhamHotspur,Romania,11
344,RossBarkley,05/12/1993,1993,12,5,4,EvertonFC,England,11
345,Fred,05/03/1993,1993,3,5,1,ShakhtarDonetsk,Brazil,11
346,MauricioIsla,12/06/1988,1988,6,12,2,JuventusFC,Chile,10.5
347,StefanSavic,08/01/1991,1991,1,8,1,ACFiorentina,Montenegro,10.5
348,RafaelvanderVaart,11/02/1983,1983,2,11,1,HamburgerSV,Netherlands,10
349,AndreaBarzagli,08/05/1981,1981,5,8,2,JuventusFC,Italy,10
350,Xavi,25/01/1980,1980,1,25,1,FCBarcelona,Spain,10
351,PepeReina,31/08/1982,1982,8,31,3,SSCNapoli,Spain,10
352,DavidVilla,03/12/1981,1981,12,3,4,AtléticodeMadrid,Spain,10
353,GoranPandev,27/07/1983,1983,7,27,3,SSCNapoli,Macedonia,10
354,RaulMeireles,17/03/1983,1983,3,17,1,FenerbahceSK,Portugal,10
355,DarijoSrna,01/05/1982,1982,5,1,2,ShakhtarDonetsk,Croatia,10
356,AleksandrSamedov,19/07/1984,1984,7,19,3,LokomotivMoscow,Russia,10
357,NemanjaVidic,21/10/1981,1981,10,21,4,ManchesterUnited,Serbia,10
358,VedadIbisevic,06/08/1984,1984,8,6,3,VfBStuttgart,Bosnia-Herzegovina,10
359,BafetimbiGomis,06/08/1985,1985,8,6,3,OlympiqueLyon,France,10
360,Gabi,10/07/1983,1983,7,10,3,AtléticodeMadrid,Spain,10
361,MathieuDebuchy,25/07/1985,1985,7,25,3,NewcastleUnited,France,10
362,CheikTioté,21/06/1986,1986,6,21,2,NewcastleUnited,Coted'Ivoire,10
363,AsmirBegovic,20/06/1987,1987,6,20,2,StokeCity,Bosnia-Herzegovina,10
364,PapissDembaCissé,03/06/1985,1985,6,3,2,NewcastleUnited,Senegal,10
365,DiegoLópez,03/11/1981,1981,11,3,4,RealMadrid,Spain,10
366,VedranCorluka,05/02/1986,1986,2,5,1,LokomotivMoscow,Croatia,10
367,MarcelSchmelzer,22/01/1988,1988,1,22,1,BorussiaDortmund,Germany,10
368,FelipeMelo,26/06/1983,1983,6,26,2,GalatasaraySK,Brazil,10
369,DusanTadic,20/11/1988,1988,11,20,4,FCTwenteEnschede,Serbia,10
370,MaxKruse,19/03/1988,1988,3,19,1,BorussiaMönchengladbach,Germany,10
371,PontusWernbloom,25/06/1986,1986,6,25,2,CSKAMoscow,Sweden,10
372,MarioSuárez,24/02/1987,1987,2,24,1,AtléticodeMadrid,Spain,10
373,SidneySam,31/01/1988,1988,1,31,1,Bayer04Leverkusen,Germany,10
374,YuraMovsisyan,02/08/1987,1987,8,2,3,SpartakMoscow,Armenia,10
375,TobyAlderweireld,02/03/1989,1989,3,2,1,AtléticodeMadrid,Belgium,10
376,StefanRadu,22/10/1986,1986,10,22,4,SSLazio,Romania,10
377,KevinGroßkreutz,19/07/1988,1988,7,19,3,BorussiaDortmund,Germany,10
378,DieumerciMbokani,22/11/1985,1985,11,22,4,DynamoKyiv,CongoDR,10
379,GiovanidosSantos,11/05/1989,1989,5,11,2,VillarrealCF,Mexico,10
380,SiemdeJong,28/01/1989,1989,1,28,1,AFCAjaxAmsterdam,Netherlands,10
381,JordanRhodes,05/02/1990,1990,2,5,1,BlackburnRovers,Scotland,10
382,MarkelSusaeta,14/12/1987,1987,12,14,4,AthleticClub,Spain,10
383,HolgerBadstuber,13/03/1989,1989,3,13,1,FCBayernMunich,Germany,10
384,DenisGlushakov,27/01/1987,1987,1,27,1,SpartakMoscow,Russia,10
385,CristianAnsaldi,20/09/1986,1986,9,20,3,ZenitSt.Petersburg,Argentina,10
386,DriesMertens,06/05/1987,1987,5,6,2,SSCNapoli,Belgium,10
387,DaniParejo,16/04/1989,1989,4,16,2,ValenciaCF,Spain,10
388,SenadLulic,18/01/1986,1986,1,18,1,SSLazio,Bosnia-Herzegovina,10
389,SeamusColeman,11/10/1988,1988,10,11,4,EvertonFC,Ireland,10
390,AnderIturraspe,08/03/1989,1989,3,8,1,AthleticClub,Spain,10
391,FredyMontero,26/07/1987,1987,7,26,3,SportingLisbon,Colombia,10
392,JuanIturbe,04/06/1993,1993,6,4,2,HellasVerona,Argentina,10
393,DavideSanton,02/01/1991,1991,1,2,1,NewcastleUnited,Italy,10
394,JosuhaGuilavogui,19/09/1990,1990,9,19,3,ASSaint-Étienne,France,10
395,AlexandreLacazette,28/05/1991,1991,5,28,2,OlympiqueLyon,France,10
396,MaximeLestienne,17/06/1992,1992,6,17,2,ClubBruggeKV,Belgium,10
397,Jorginho,20/12/1991,1991,12,20,4,SSCNapoli,Italy,10
398,ThorganHazard,29/03/1993,1993,3,29,1,SVZulte-Waregem,Belgium,10
399,Fernando,03/03/1992,1992,3,3,1,ShakhtarDonetsk,Brazil,10
400,GranitXhaka,27/09/1992,1992,9,27,3,BorussiaMönchengladbach,Switzerland,10
401,RémyCabella,08/03/1990,1990,3,8,1,HSCMontpellier,France,10
402,CarlosBacca,08/09/1986,1986,9,8,3,SevillaFC,Colombia,10
403,MatthiasGinter,19/01/1994,1994,1,19,1,SCFreiburg,Germany,10
404,LucasDigne,20/07/1993,1993,7,20,3,ParisSaint-Germain,France,10
405,Bruma,24/10/1994,1994,10,24,4,Gaziantepspor,Portugal,10
406,LazarMarkovic,02/03/1994,1994,3,2,1,SLBenfica,Serbia,10
407,SaphirTaider,29/02/1992,1992,2,29,1,InterMilan,Algeria,10
408,KurtZouma,27/10/1994,1994,10,27,4,ASSaint-Étienne,France,10
409,AymericLaporte,27/05/1994,1994,5,27,2,AthleticClub,France,10
410,DomenicoBerardi,01/08/1994,1994,8,1,3,USSassuolo,Italy,10
411,LucasOcampos,11/07/1994,1994,7,11,3,ASMonaco,Argentina,10
412,AlbertoMoreno,05/07/1992,1992,7,5,3,SevillaFC,Spain,10
413,JérémyToulalan,10/09/1983,1983,9,10,3,ASMonaco,France,9.5
414,Ron-RobertZieler,12/02/1989,1989,2,12,1,Hannover96,Germany,9.5
415,PatrickHerrmann,12/02/1991,1991,2,12,1,BorussiaMönchengladbach,Germany,9.5
416,AurélienChedjou,20/06/1985,1985,6,20,2,GalatasaraySK,Cameroon,9.5
417,ManoloGabbiadini,26/11/1991,1991,11,26,4,UCSampdoria,Italy,9.5
418,RenéAdler,15/01/1985,1985,1,15,1,HamburgerSV,Germany,9
419,SamuelEto'o,10/03/1981,1981,3,10,1,ChelseaFC,Cameroon,9
420,NigeldeJong,30/11/1984,1984,11,30,4,ACMilan,Netherlands,9
421,JérémyMathieu,29/10/1983,1983,10,29,4,ValenciaCF,France,9
422,AlbertoAquilani,07/07/1984,1984,7,7,3,ACFiorentina,Italy,9
423,OlcanAdin,30/09/1985,1985,9,30,3,Trabzonspor,Turkey,9
424,MathieuFlamini,07/03/1984,1984,3,7,1,ArsenalFC,France,9
425,GonzaloRodríguez,10/04/1984,1984,4,10,2,ACFiorentina,Argentina,9
426,AlejandroGómez,15/02/1988,1988,2,15,1,MetalistKharkiv,Argentina,9
427,JoséSosa,19/06/1985,1985,6,19,2,AtléticodeMadrid,Argentina,9
428,NicolasLombaerts,20/03/1985,1985,3,20,1,ZenitSt.Petersburg,Belgium,9
429,FabioQuagliarella,31/01/1983,1983,1,31,1,JuventusFC,Italy,9
430,YoanGouffran,25/05/1986,1986,5,25,2,NewcastleUnited,France,9
431,StéphaneMbia,20/05/1986,1986,5,20,2,SevillaFC,Cameroon,9
432,ChristopherSamba,28/03/1984,1984,3,28,1,DinamoMoscow,Congo,9
433,JonathandeGuzmán,13/09/1987,1987,9,13,3,SwanseaCity,Netherlands,9
434,TimKrul,03/04/1988,1988,4,3,2,NewcastleUnited,Netherlands,9
435,GökhanGönül,04/01/1985,1985,1,4,1,FenerbahceSK,Turkey,9
436,StevenFletcher,26/03/1987,1987,3,26,1,SunderlandAFC,Scotland,9
437,JeremainLens,24/11/1987,1987,11,24,4,DynamoKyiv,Netherlands,9
438,CanerErkin,04/10/1988,1988,10,4,4,FenerbahceSK,Turkey,9
439,StéphaneRuffier,27/09/1986,1986,9,27,3,ASSaint-Étienne,France,9
440,ViktorFaizulin,22/04/1986,1986,4,22,2,ZenitSt.Petersburg,Russia,9
441,AlessandroMatri,19/08/1984,1984,8,19,3,ACFiorentina,Italy,9
442,BeñatEtxebarria,19/02/1987,1987,2,19,1,AthleticClub,Spain,9
443,StefanReinartz,01/01/1989,1989,1,1,1,Bayer04Leverkusen,Germany,9
444,MiguelVeloso,11/05/1986,1986,5,11,2,DynamoKyiv,Portugal,9
445,André-PierreGignac,05/12/1985,1985,12,5,4,OlympiqueMarseille,France,9
446,MehmetTopal,03/03/1986,1986,3,3,1,FenerbahceSK,Turkey,9
447,SebastianRode,11/10/1990,1990,10,11,4,EintrachtFrankfurt,Germany,9
448,AndreaPoli,29/09/1989,1989,9,29,3,ACMilan,Italy,9
449,DameN'Doye,21/02/1985,1985,2,21,1,LokomotivMoscow,Senegal,9
450,ChristianNoboa,09/04/1985,1985,4,9,2,DinamoMoscow,Ecuador,9
451,RyanShawcross,04/10/1987,1987,10,4,4,StokeCity,England,9
452,Giuliano,31/05/1990,1990,5,31,2,DniproDnipropetrovsk,Brazil,9
453,LeandroCastán,05/11/1986,1986,11,5,4,ASRoma,Brazil,9
454,MartínCáceres,07/04/1987,1987,4,7,2,JuventusFC,Uruguay,9
455,MaxiPereira,08/06/1984,1984,6,8,2,SLBenfica,Uruguay,9
456,ÉtienneCapoue,11/07/1988,1988,7,11,3,TottenhamHotspur,France,9
457,Douglas,12/01/1988,1988,1,12,1,DinamoMoscow,Netherlands,9
458,EvgenKhacheridi,28/07/1987,1987,7,28,3,DynamoKyiv,Ukraine,9
459,ClémentGrenier,07/01/1991,1991,1,7,1,OlympiqueLyon,France,9
460,Maicon,14/09/1988,1988,9,14,3,FCPorto,Brazil,9
461,AlfredFinnbogason,01/02/1989,1989,2,1,1,SCHeerenveen,Iceland,9
462,PedroObiang,27/03/1992,1992,3,27,1,UCSampdoria,Spain,9
463,JuanQuintero,18/01/1993,1993,1,18,1,FCPorto,Colombia,9
464,CristianTello,11/08/1991,1991,8,11,3,FCBarcelona,Spain,9
465,MarcovanGinkel,01/12/1992,1992,12,1,4,ChelseaFC,Netherlands,9
466,MichaelCarrick,28/07/1981,1981,7,28,3,ManchesterUnited,England,8.5
467,ThiagoMotta,28/08/1982,1982,8,28,3,ParisSaint-Germain,Italy,8.5
468,SerdarTasci,24/04/1987,1987,4,24,2,SpartakMoscow,Germany,8.5
469,JonathanBiabiany,28/04/1988,1988,4,28,2,ParmaFC,France,8.5
470,PhilippWollscheid,06/03/1989,1989,3,6,1,Bayer04Leverkusen,Germany,8.5
471,MorganSchneiderlin,08/11/1989,1989,11,8,4,SouthamptonFC,France,8.5
472,SemihKaya,24/02/1991,1991,2,24,1,GalatasaraySK,Turkey,8.5
473,TomasHubocan,17/09/1985,1985,9,17,3,ZenitSt.Petersburg,Slovakia,8.5
474,LeroyFer,05/01/1990,1990,1,5,1,NorwichCity,Netherlands,8.5
475,EmanueleGiaccherini,05/05/1985,1985,5,5,2,SunderlandAFC,Italy,8.5
476,FabioBorini,29/03/1991,1991,3,29,1,SunderlandAFC,Italy,8.5
477,CiroImmobile,20/02/1990,1990,2,20,1,TorinoFC,Italy,8.5
478,FrancescoBardi,18/01/1992,1992,1,18,1,ASLivorno,Italy,8.5
479,LucianoVietto,05/12/1993,1993,12,5,4,RacingClubdeAvellaneda,Argentina,8.5
480,Kaká,22/04/1982,1982,4,22,2,ACMilan,Brazil,8
481,CristianLedesma,24/09/1982,1982,9,24,3,SSLazio,Italy,8
482,MikelArteta,26/03/1982,1982,3,26,1,ArsenalFC,Spain,8
483,SalomonKalou,05/08/1985,1985,8,5,3,OSCLille,Coted'Ivoire,8
484,EmmanuelAdebayor,26/02/1984,1984,2,26,1,TottenhamHotspur,Togo,8
485,MichaelDawson,18/11/1983,1983,11,18,4,TottenhamHotspur,England,8
486,XabiPrieto,29/08/1983,1983,8,29,3,RealSociedad,Spain,8
487,YuriZhirkov,20/08/1983,1983,8,20,3,DinamoMoscow,Russia,8
488,DusanBasta,18/08/1984,1984,8,18,3,UdineseCalcio,Serbia,8
489,Raffael,28/03/1985,1985,3,28,1,BorussiaMönchengladbach,Brazil,8
490,BenoîtCostil,03/07/1987,1987,7,3,3,StadeRennaisFC,France,8
491,YounèsKaboul,04/01/1986,1986,1,4,1,TottenhamHotspur,France,8
492,CleitonXavier,23/03/1983,1983,3,23,1,MetalistKharkiv,Brazil,8
493,GabrielPaletta,15/02/1986,1986,2,15,1,ParmaFC,Italy,8
494,LucaCigarini,20/06/1986,1986,6,20,2,AtalantaBC,Italy,8
495,Rafinha,07/09/1985,1985,9,7,3,FCBayernMunich,Brazil,8
496,BryanRuiz,18/08/1985,1985,8,18,3,PSVEindhoven,CostaRica,8
497,RomanNeustädter,18/02/1988,1988,2,18,1,FCSchalke04,Germany,8
498,YannSommer,17/12/1988,1988,12,17,4,FCBasel1893,Switzerland,8
499,GuilhermeSiqueira,28/04/1986,1986,4,28,2,SLBenfica,Brazil,8
500,Adrián,08/01/1988,1988,1,8,1,AtléticodeMadrid,Spain,8
501,PabloHernández,11/04/1985,1985,4,11,2,SwanseaCity,Spain,8
502,SebastianJung,22/06/1990,1990,6,22,2,EintrachtFrankfurt,Germany,8
503,AdilRami,27/12/1985,1985,12,27,4,ACMilan,France,8
504,MikelRico,01/11/1984,1984,11,1,4,AthleticClub,Spain,8
505,CarlosZambrano,10/07/1989,1989,7,10,3,EintrachtFrankfurt,Peru,8
506,Cristian,25/06/1983,1983,6,25,2,FenerbahceSK,Brazil,8
507,MarcoSau,03/11/1987,1987,11,3,4,CagliariCalcio,Italy,8
508,GiacomoBonaventura,22/08/1989,1989,8,22,3,AtalantaBC,Italy,8
509,MarkoDevic,27/10/1983,1983,10,27,4,RubinKazan,Ukraine,8
510,NacerChadli,02/08/1989,1989,8,2,3,TottenhamHotspur,Belgium,8
511,ÁlvaroDomínguez,15/05/1989,1989,5,15,2,BorussiaMönchengladbach,Spain,8
512,AshleyWilliams,23/08/1984,1984,8,23,3,SwanseaCity,Wales,8
513,MarvinMartin,10/01/1988,1988,1,10,1,OSCLille,France,8
514,JosipIlicic,29/01/1988,1988,1,29,1,ACFiorentina,Slovenia,8
515,Éder,22/12/1987,1987,12,22,4,SCBraga,Portugal,8
516,SergiRoberto,07/02/1992,1992,2,7,1,FCBarcelona,Spain,8
517,HiroshiKiyotake,12/11/1989,1989,11,12,4,1.FCNuremberg,Japan,8
518,GylfiSigurdsson,09/09/1989,1989,9,9,3,TottenhamHotspur,Iceland,8
519,ÓscardeMarcos,10/04/1989,1989,4,10,2,AthleticClub,Spain,8
520,WilliamCarvalho,07/04/1992,1992,4,7,2,SportingLisbon,Portugal,8
521,MattiaPerin,10/11/1992,1992,11,10,4,GenoaCFC,Italy,8
522,WellingtonNem,06/02/1992,1992,2,6,1,ShakhtarDonetsk,Brazil,8
523,AdamMaher,20/07/1993,1993,7,20,3,PSVEindhoven,Netherlands,8
524,OlaJohn,19/05/1992,1992,5,19,2,HamburgerSV,Netherlands,8
525,Allan,08/01/1991,1991,1,8,1,UdineseCalcio,Brazil,8
526,SamuelUmtiti,14/11/1993,1993,11,14,4,OlympiqueLyon,France,8
527,FabianSchär,20/12/1991,1991,12,20,4,FCBasel1893,Switzerland,8
528,WilfriedZaha,10/11/1992,1992,11,10,4,CardiffCity,England,8
529,MaxMeyer,18/09/1995,1995,9,18,3,FCSchalke04,Germany,8
530,ThomasInce,30/01/1992,1992,1,30,1,CrystalPalace,England,8
531,MichyBatshuayi,02/10/1993,1993,10,2,4,StandardLiège,Belgium,8
532,ÓliverTorres,10/11/1994,1994,11,10,4,VillarrealCF,Spain,8
533,HugoAlmeida,23/05/1984,1984,5,23,2,BesiktasJK,Portugal,7.75
534,StevenGerrard,30/05/1980,1980,5,30,2,LiverpoolFC,England,7.5
535,JohnTerry,07/12/1980,1980,12,7,4,ChelseaFC,England,7.5
536,PatriceEvra,15/05/1981,1981,5,15,2,ManchesterUnited,France,7.5
537,MichaelEssien,03/12/1982,1982,12,3,4,ACMilan,Ghana,7.5
538,AndreaPirlo,19/05/1979,1979,5,19,2,JuventusFC,Italy,7.5
539,PhilJagielka,17/08/1982,1982,8,17,3,EvertonFC,England,7.5
540,RioMavuba,08/03/1984,1984,3,8,1,OSCLille,France,7.5
541,Arouca,11/08/1986,1986,8,11,3,SantosFC,Brazil,7.5
542,LucasBiglia,30/01/1986,1986,1,30,1,SSLazio,Argentina,7.5
543,Fred,03/10/1983,1983,10,3,4,FluminenseFootballClub,Brazil,7.5
544,SilvestreVarela,02/02/1985,1985,2,2,1,FCPorto,Portugal,7.5
545,AdamJohnson,14/07/1987,1987,7,14,3,SunderlandAFC,England,7.5
546,AndreaConsigli,27/01/1987,1987,1,27,1,AtalantaBC,Italy,7.5
547,RickyvanWolfswinkel,27/01/1989,1989,1,27,1,NorwichCity,Netherlands,7.5
548,AdamLallana,10/05/1988,1988,5,10,2,SouthamptonFC,England,7.5
549,GregoryvanderWiel,03/02/1988,1988,2,3,1,ParisSaint-Germain,Netherlands,7.5
550,AleksandarMitrovic,16/09/1994,1994,9,16,3,RSCAnderlecht,Serbia,7.5
551,JayRodriguez,29/07/1989,1989,7,29,3,SouthamptonFC,England,7.5
552,KevinKampl,09/10/1990,1990,10,9,4,RedBullSalzburg,Slovenia,7.5
553,Jonathan,27/02/1986,1986,2,27,1,InterMilan,Brazil,7.5
554,LewisHoltby,18/09/1990,1990,9,18,3,FulhamFC,Germany,7.5
555,AdrienSilva,15/03/1989,1989,3,15,1,SportingLisbon,Portugal,7.5
556,MatíasSuárez,09/05/1988,1988,5,9,2,RSCAnderlecht,Argentina,7.5
557,Ganso,12/10/1989,1989,10,12,4,SãoPauloFutebolClube,Brazil,7.5
558,Marlos,07/06/1988,1988,6,7,2,MetalistKharkiv,Brazil,7.5
559,JonjoShelvey,27/02/1992,1992,2,27,1,SwanseaCity,England,7.5
560,LuukdeJong,27/08/1990,1990,8,27,3,NewcastleUnited,Netherlands,7.5
561,AdriánRamos,22/01/1986,1986,1,22,1,HerthaBSC,Colombia,7.5
562,SimeVrsaljko,10/01/1992,1992,1,10,1,GenoaCFC,Croatia,7.5
563,TinoCosta,09/01/1985,1985,1,9,1,SpartakMoscow,Argentina,7.5
564,FabiánRinaudo,08/05/1987,1987,5,8,2,CalcioCatania,Argentina,7.5
565,RomainAlessandrini,03/04/1989,1989,4,3,2,StadeRennaisFC,France,7.5
566,AlperPotuk,08/04/1991,1991,4,8,2,FenerbahceSK,Turkey,7.5
567,Dedé,01/07/1988,1988,7,1,3,CruzeiroEsporteClube,Brazil,7.5
568,EmreCan,12/01/1994,1994,1,12,1,Bayer04Leverkusen,Germany,7.5
569,StevenCaulker,29/12/1991,1991,12,29,4,CardiffCity,England,7.5
570,GastónRamírez,02/12/1990,1990,12,2,4,SouthamptonFC,Uruguay,7.5
571,Rafinha,12/02/1993,1993,2,12,1,CeltadeVigo,Brazil,7.5
572,SaúlÑíguez,21/11/1994,1994,11,21,4,RayoVallecano,Spain,7.5
573,FelipeAnderson,15/04/1993,1993,4,15,2,SSLazio,Brazil,7.5
574,RobertHuth,18/08/1984,1984,8,18,3,StokeCity,Germany,7
575,JoleonLescott,16/08/1982,1982,8,16,3,ManchesterCity,England,7
576,AleksandrKerzhakov,27/11/1982,1982,11,27,4,ZenitSt.Petersburg,Russia,7
577,MichelVorm,20/10/1983,1983,10,20,4,SwanseaCity,Netherlands,7
578,TomásSivok,15/09/1983,1983,9,15,3,BesiktasJK,CzechRepublic,7
579,Rolando,31/08/1985,1985,8,31,3,InterMilan,Portugal,7
580,KévinGameiro,09/05/1987,1987,5,9,2,SevillaFC,France,7
581,ClintDempsey,09/03/1983,1983,3,9,1,SeattleSoundersFC,UnitedStates,7
582,ÁlvaroArbeloa,17/01/1983,1983,1,17,1,RealMadrid,Spain,7
583,JoséManuelJurado,29/06/1986,1986,6,29,2,SpartakMoscow,Spain,7
584,Paulinho,10/01/1986,1986,1,10,1,ASLivorno,Brazil,7
585,MarkNoble,08/05/1987,1987,5,8,2,WestHamUnited,England,7
586,Danilo,10/05/1984,1984,5,10,2,UdineseCalcio,Brazil,7
587,StevenDefour,15/04/1988,1988,4,15,2,FCPorto,Belgium,7
588,StéphaneSessègnon,01/06/1984,1984,6,1,2,WestBromwichAlbion,Benin,7
589,ShaneLong,22/01/1987,1987,1,22,1,HullCity,Ireland,7
590,Eder,15/11/1986,1986,11,15,4,UCSampdoria,Brazil,7
591,ÁdámSzalai,09/12/1987,1987,12,9,4,FCSchalke04,Hungary,7
592,NicolaiMüller,25/09/1987,1987,9,25,3,1.FSVMainz05,Germany,7
593,IvanPerisic,02/02/1989,1989,2,2,1,VfLWolfsburg,Croatia,7
594,GaryHooper,26/01/1988,1988,1,26,1,NorwichCity,England,7
595,BrunoSoriano,12/06/1984,1984,6,12,2,VillarrealCF,Spain,7
596,BojanKrkic,28/08/1990,1990,8,28,3,AFCAjaxAmsterdam,Spain,7
597,ValentinStocker,12/04/1989,1989,4,12,2,FCBasel1893,Switzerland,7
598,LucaAntonelli,11/02/1987,1987,2,11,1,GenoaCFC,Italy,7
599,KevinTrapp,08/07/1990,1990,7,8,3,EintrachtFrankfurt,Germany,7
600,ZoranTosic,28/04/1987,1987,4,28,2,CSKAMoscow,Serbia,7
601,LarsStindl,26/08/1988,1988,8,26,3,Hannover96,Germany,7
602,GeorginioWijnaldum,11/11/1990,1990,11,11,4,PSVEindhoven,Netherlands,7
603,HéctorMoreno,17/01/1988,1988,1,17,1,RCDEspanyol,Mexico,7
604,OliverBaumann,02/06/1990,1990,6,2,2,SCFreiburg,Germany,7
605,Guilherme,12/12/1985,1985,12,12,4,LokomotivMoscow,Brazil,7
606,BasDost,31/05/1989,1989,5,31,2,VfLWolfsburg,Netherlands,7
607,MapouYanga-Mbiwa,15/05/1989,1989,5,15,2,NewcastleUnited,France,7
608,AleksandarDragovic,06/03/1991,1991,3,6,1,DynamoKyiv,Austria,7
609,AndrosTownsend,16/07/1991,1991,7,16,3,TottenhamHotspur,England,7
610,BrownIdeye,10/10/1988,1988,10,10,4,DynamoKyiv,Nigeria,7
611,OriolRomeu,24/09/1991,1991,9,24,3,ValenciaCF,Spain,7
612,CheikhouKouyaté,21/12/1989,1989,12,21,4,RSCAnderlecht,Senegal,7
613,RomanZozulya,17/11/1989,1989,11,17,4,DniproDnipropetrovsk,Ukraine,7
614,MohamedDiamé,14/06/1987,1987,6,14,2,WestHamUnited,Senegal,7
615,IagoAspas,01/08/1987,1987,8,1,3,LiverpoolFC,Spain,7
616,Pierre-MichelLasogga,15/12/1991,1991,12,15,4,HamburgerSV,Germany,7
617,Joãozinho,25/12/1988,1988,12,25,4,FKKrasnodar,Brazil,7
618,PabloArmero,02/11/1986,1986,11,2,4,WestHamUnited,Colombia,7
619,NathanielClyne,05/04/1991,1991,4,5,2,SouthamptonFC,England,7
620,AndréMartins,21/01/1990,1990,1,21,1,SportingLisbon,Portugal,7
621,VíctorIbarbo,19/05/1990,1990,5,19,2,CagliariCalcio,Colombia,7
622,FilipDjuricic,30/01/1992,1992,1,30,1,SLBenfica,Serbia,7
623,ViktorFischer,09/06/1994,1994,6,9,2,AFCAjaxAmsterdam,Denmark,7
624,JordyClasie,27/06/1991,1991,6,27,2,FeyenoordRotterdam,Netherlands,7
625,Jucilei,06/04/1988,1988,4,6,2,Al-Jazira(AbuDhabi),Brazil,7
626,HéctorHerrera,19/04/1990,1990,4,19,2,FCPorto,Mexico,7
627,LucaMarrone,28/03/1990,1990,3,28,1,USSassuolo,Italy,7
628,ArasÖzbiliz,09/03/1990,1990,3,9,1,SpartakMoscow,Armenia,7
629,HakanCalhanoglu,08/02/1994,1994,2,8,1,HamburgerSV,Turkey,7
630,AlexandruMaxim,08/07/1990,1990,7,8,3,VfBStuttgart,Romania,7
631,DennisPraet,14/05/1994,1994,5,14,2,RSCAnderlecht,Belgium,7
632,DiegoReyes,19/09/1992,1992,9,19,3,FCPorto,Mexico,7
633,JosipDrmic,08/08/1992,1992,8,8,3,1.FCNuremberg,Switzerland,7
634,LucasPiazón,20/01/1994,1994,1,20,1,VitesseArnhem,Brazil,7
635,WillHughes,07/04/1995,1995,4,7,2,DerbyCounty,England,7
636,Vitinho,09/10/1993,1993,10,9,4,CSKAMoscow,Brazil,7
637,YouriTielemans,07/05/1997,1997,5,7,2,RSCAnderlecht,Belgium,7
638,NiklasMoisander,29/09/1985,1985,9,29,3,AFCAjaxAmsterdam,Finland,6.5
639,FrancescoLodi,23/03/1984,1984,3,23,1,CalcioCatania,Italy,6.5
640,Robinho,25/01/1984,1984,1,25,1,ACMilan,Brazil,6.5
641,VladimirBystrov,31/01/1984,1984,1,31,1,AnzhiMakhachkala,Russia,6.5
642,AdrianMierzejewski,06/11/1986,1986,11,6,4,Trabzonspor,Poland,6.5
643,DennisAogo,14/01/1987,1987,1,14,1,FCSchalke04,Germany,6.5
644,PabloBarrientos,17/01/1985,1985,1,17,1,CalcioCatania,Argentina,6.5
645,AbdoulayKonko,09/03/1984,1984,3,9,1,SSLazio,France,6.5
646,NikicaJelavic,27/08/1985,1985,8,27,3,HullCity,Croatia,6.5
647,DiegoCapel,16/02/1988,1988,2,16,1,SportingLisbon,Spain,6.5
648,MichaelAgazzi,03/07/1984,1984,7,3,3,ChievoVerona,Italy,6.5
649,AndreasGranqvist,16/04/1985,1985,4,16,2,FKKrasnodar,Sweden,6.5
650,GrazianoPellè,15/07/1985,1985,7,15,3,FeyenoordRotterdam,Italy,6.5
651,MichaelBradley,31/07/1987,1987,7,31,3,TorontoFC,UnitedStates,6.5
652,Anderson,13/04/1988,1988,4,13,2,ACFiorentina,Brazil,6.5
653,GabrielAgbonlahor,13/10/1986,1986,10,13,4,AstonVilla,England,6.5
654,HavardNordtveit,21/06/1990,1990,6,21,2,BorussiaMönchengladbach,Norway,6.5
655,MiroslavStoch,19/10/1989,1989,10,19,4,PAOKThessaloniki,Slovakia,6.5
656,Chico,06/03/1987,1987,3,6,1,SwanseaCity,Spain,6.5
657,ÁlvaroPereira,28/11/1985,1985,11,28,4,SãoPauloFutebolClube,Uruguay,6.5
658,AleksandrBelenov,13/09/1986,1986,9,13,3,KubanKrasnodar,Russia,6.5
659,DenysGarmash,19/04/1990,1990,4,19,2,DynamoKyiv,Ukraine,6.5
660,DuvánZapata,01/04/1991,1991,4,1,2,SSCNapoli,Colombia,6.5
661,JurajKucka,26/02/1987,1987,2,26,1,GenoaCFC,Slovakia,6.5
662,Sung-YongKi,24/01/1989,1989,1,24,1,SunderlandAFC,"Korea,South",6.5
663,RiccardoSaponara,21/12/1991,1991,12,21,4,ACMilan,Italy,6.5
664,YoussefElArabi,03/02/1987,1987,2,3,1,GranadaCF,Morocco,6.5
665,RomainHamouma,29/03/1987,1987,3,29,1,ASSaint-Étienne,France,6.5
666,MassimoBruno,17/09/1993,1993,9,17,3,RSCAnderlecht,Belgium,6.5
667,RobertoPereyra,07/01/1991,1991,1,7,1,UdineseCalcio,Argentina,6.5
668,SergeAurier,24/12/1992,1992,12,24,4,FCToulouse,Coted'Ivoire,6.5
669,LorenzoMelgarejo,10/08/1990,1990,8,10,3,KubanKrasnodar,Paraguay,6.5
670,BenjaminCorgnet,06/04/1987,1987,4,6,2,ASSaint-Étienne,France,6.5
671,VladimírDarida,08/08/1990,1990,8,8,3,SCFreiburg,CzechRepublic,6.5
672,JonathanTah,11/02/1996,1996,2,11,1,HamburgerSV,Germany,6.5
673,DiegoBenaglio,08/09/1983,1983,9,8,3,VfLWolfsburg,Switzerland,6
674,JermainDefoe,07/10/1982,1982,10,7,4,TorontoFC,England,6
675,AaronHunt,04/09/1986,1986,9,4,3,SVWerderBremen,Germany,6
676,AlbertoGilardino,05/07/1982,1982,7,5,3,GenoaCFC,Italy,6
677,EstebanCambiasso,18/08/1980,1980,8,18,3,InterMilan,Argentina,6
678,DaleyBlind,09/03/1990,1990,3,9,1,AFCAjaxAmsterdam,Netherlands,6
679,JoãoPereira,25/02/1984,1984,2,25,1,ValenciaCF,Portugal,6
680,TomHuddlestone,28/12/1986,1986,12,28,4,HullCity,England,6
681,PirminSchwegler,09/03/1987,1987,3,9,1,EintrachtFrankfurt,Switzerland,6
682,VasiliBerezutski,20/06/1982,1982,6,20,2,CSKAMoscow,Russia,6
683,VladislavKulik,27/02/1985,1985,2,27,1,RubinKazan,Russia,6
684,AndoniIraola,22/06/1982,1982,6,22,2,AthleticClub,Spain,6
685,Casemiro,23/02/1992,1992,2,23,1,RealMadrid,Brazil,6
686,MarcellJansen,04/11/1985,1985,11,4,4,HamburgerSV,Germany,6
687,YoannGourcuff,11/07/1986,1986,7,11,3,OlympiqueLyon,France,6
688,ChristianGentner,14/08/1985,1985,8,14,3,VfBStuttgart,Germany,6
689,AndrésGuardado,28/09/1986,1986,9,28,3,Bayer04Leverkusen,Mexico,6
690,AidenMcGeady,04/04/1986,1986,4,4,2,EvertonFC,Ireland,6
691,AlessandroDiamanti,02/05/1983,1983,5,2,2,GuangzhouEvergrandeF.C.,Italy,6
692,VladimirGabulov,19/10/1983,1983,10,19,4,DinamoMoscow,Russia,6
693,JamesMorrison,25/05/1986,1986,5,25,2,WestBromwichAlbion,Scotland,6
694,AtsutoUchida,27/03/1988,1988,3,27,1,FCSchalke04,Japan,6
695,ChoriCastro,14/09/1984,1984,9,14,3,RealSociedad,Uruguay,6
696,JesúsGámez,10/04/1985,1985,4,10,2,MálagaCF,Spain,6
697,VurnonAnita,04/04/1989,1989,4,4,2,NewcastleUnited,Netherlands,6
698,ScottSinclair,25/03/1989,1989,3,25,1,WestBromwichAlbion,England,6
699,DiegoSouza,17/06/1985,1985,6,17,2,MetalistKharkiv,Brazil,6
700,Vieirinha,24/01/1986,1986,1,24,1,VfLWolfsburg,Portugal,6
701,FernandoAmorebieta,29/03/1985,1985,3,29,1,FulhamFC,Venezuela,6
702,ImanolAgirretxe,24/02/1987,1987,2,24,1,RealSociedad,Spain,6
703,WinstonReid,03/07/1988,1988,7,3,3,WestHamUnited,NewZealand,6
704,JozyAltidore,06/11/1989,1989,11,6,4,SunderlandAFC,UnitedStates,6
705,AndriyPyatov,28/06/1984,1984,6,28,2,ShakhtarDonetsk,Ukraine,6
706,RyanBertrand,05/08/1989,1989,8,5,3,AstonVilla,England,6
707,SvenUlreich,03/08/1988,1988,8,3,3,VfBStuttgart,Germany,6
708,DiegoAlves,24/06/1985,1985,6,24,2,ValenciaCF,Brazil,6
709,JelleVossen,22/03/1989,1989,3,22,1,KRCGenk,Belgium,6
710,BenoîtTrémoulinas,28/12/1985,1985,12,28,4,ASSaint-Étienne,France,6
711,ClémentChantôme,11/09/1987,1987,9,11,3,FCToulouse,France,6
712,AdelTaarabt,24/05/1989,1989,5,24,2,ACMilan,Morocco,6
713,FedericoFazio,17/03/1987,1987,3,17,1,SevillaFC,Argentina,6
714,ClaudioYacob,18/07/1987,1987,7,18,3,WestBromwichAlbion,Argentina,6
715,MateoMusacchio,26/08/1990,1990,8,26,3,VillarrealCF,Argentina,6
716,CenkTosun,07/06/1991,1991,6,7,2,Gaziantepspor,Turkey,6
717,WilliamVainqueur,19/11/1988,1988,11,19,4,StandardLiège,France,6
718,DmitriTarasov,18/03/1987,1987,3,18,1,LokomotivMoscow,Russia,6
719,SimonKjaer,26/03/1989,1989,3,26,1,OSCLille,Denmark,6
720,LuizAdriano,12/04/1987,1987,4,12,2,ShakhtarDonetsk,Brazil,6
721,DannyRose,02/07/1990,1990,7,2,3,TottenhamHotspur,England,6
722,NicolásSpolli,20/02/1983,1983,2,20,1,CalcioCatania,Argentina,6
723,MarcoHöger,16/09/1989,1989,9,16,3,FCSchalke04,Germany,6
724,ÁlvaroGonzález,29/10/1984,1984,10,29,4,SSLazio,Uruguay,6
725,AlyCissokho,15/09/1987,1987,9,15,3,LiverpoolFC,France,6
726,OlegShatov,29/07/1990,1990,7,29,3,ZenitSt.Petersburg,Russia,6
727,PapaGueye,07/06/1984,1984,6,7,2,MetalistKharkiv,Senegal,6
728,EvgenSeleznev,20/07/1985,1985,7,20,3,DniproDnipropetrovsk,Ukraine,6
729,OdilAkhmedov,25/11/1987,1987,11,25,4,AnzhiMakhachkala,Uzbekistan,6
730,VicenteIborra,16/01/1988,1988,1,16,1,SevillaFC,Spain,6
731,Jean,24/06/1986,1986,6,24,2,FluminenseFootballClub,Brazil,6
732,LucianoNarsingh,13/09/1990,1990,9,13,3,PSVEindhoven,Netherlands,6
733,Josué,17/09/1990,1990,9,17,3,FCPorto,Portugal,6
734,StevenN'Zonzi,15/12/1988,1988,12,15,4,StokeCity,France,6
735,DorlanPabón,24/01/1988,1988,1,24,1,SãoPauloFutebolClube,Colombia,6
736,RúbenMicael,19/08/1986,1986,8,19,3,SCBraga,Portugal,6
737,MarcoParolo,25/01/1985,1985,1,25,1,ParmaFC,Italy,6
738,AntonioRüdiger,03/03/1993,1993,3,3,1,VfBStuttgart,Germany,6
739,EduardoVargas,20/11/1989,1989,11,20,4,ValenciaCF,Chile,6
740,LucCastaignos,27/09/1992,1992,9,27,3,FCTwenteEnschede,Netherlands,6
741,FacundoFerreyra,14/03/1991,1991,3,14,1,ShakhtarDonetsk,Argentina,6
742,RobinKnoche,22/05/1992,1992,5,22,2,VfLWolfsburg,Germany,6
743,RubénPardo,22/10/1992,1992,10,22,4,RealSociedad,Spain,6
744,AymenAbdennour,06/08/1989,1989,8,6,3,ASMonaco,Tunisia,6
745,StefandeVrij,05/02/1992,1992,2,5,1,FeyenoordRotterdam,Netherlands,6
746,BrunoMartinsIndi,08/02/1992,1992,2,8,1,FeyenoordRotterdam,Netherlands,6
747,CedricSoares,31/08/1991,1991,8,31,3,SportingLisbon,Portugal,6
748,MaximilianArnold,27/05/1994,1994,5,27,2,VfLWolfsburg,Germany,6
749,RodrigoMoledo,27/10/1987,1987,10,27,4,MetalistKharkiv,Brazil,6
750,MaksymKoval,09/12/1992,1992,12,9,4,DynamoKyiv,Ukraine,6
751,LisandroLópez,01/09/1989,1989,9,1,3,GetafeCF,Argentina,6
752,CarlJenkinson,08/02/1992,1992,2,8,1,ArsenalFC,England,6
753,PacoAlcácer,30/08/1993,1993,8,30,3,ValenciaCF,Spain,6
754,LuisAlberto,28/09/1992,1992,9,28,3,LiverpoolFC,Spain,6
755,GiannelliImbula,12/09/1992,1992,9,12,3,OlympiqueMarseille,France,6
756,OgenyiOnazi,25/12/1992,1992,12,25,4,SSLazio,Nigeria,6
757,ManuelLanzini,15/02/1993,1993,2,15,1,ClubAtléticoRiverPlate,Argentina,6
758,Rômulo,19/09/1990,1990,9,19,3,SpartakMoscow,Brazil,6
759,TomásKalas,15/05/1993,1993,5,15,2,ChelseaFC,CzechRepublic,6
760,AderlanSantos,09/04/1989,1989,4,9,2,SCBraga,Brazil,6
761,JavierManquillo,05/05/1994,1994,5,5,2,AtléticodeMadrid,Spain,6
762,AdnanJanuzaj,05/02/1995,1995,2,5,1,ManchesterUnited,Belgium,6
763,Wallace,01/05/1994,1994,5,1,2,InterMilan,Brazil,6
764,ChristianAtsu,10/01/1992,1992,1,10,1,VitesseArnhem,Ghana,6
765,Dória,08/11/1994,1994,11,8,4,BotafogodeFuteboleRegatas,Brazil,6
766,LeoBaptistão,26/08/1992,1992,8,26,3,RealBetisBalompié,Brazil,6
767,AlexTelles,15/12/1992,1992,12,15,4,GalatasaraySK,Brazil,6
768,KevinKuranyi,02/03/1982,1982,3,2,1,DinamoMoscow,Germany,5.8
769,OlcaySahan,26/05/1987,1987,5,26,2,BesiktasJK,Turkey,5.75
770,NolanRoux,01/03/1988,1988,3,1,1,OSCLille,France,5.75
771,VeyselSari,25/07/1988,1988,7,25,3,GalatasaraySK,Turkey,5.75
772,RobertoJiménez,10/02/1986,1986,2,10,1,OlympiacosPiraeus,Spain,5.6
773,AntonioCassano,12/07/1982,1982,7,12,3,ParmaFC,Italy,5.5
774,VolkanDemirel,27/10/1981,1981,10,27,4,FenerbahceSK,Turkey,5.5
775,EgemenKorkmaz,03/11/1982,1982,11,3,4,FenerbahceSK,Turkey,5.5
776,Alex,17/06/1982,1982,6,17,2,ParisSaint-Germain,Brazil,5.5
777,MattJarvis,22/05/1986,1986,5,22,2,WestHamUnited,England,5.5
778,UrbyEmanuelson,16/06/1986,1986,6,16,2,ACMilan,Netherlands,5.5
779,AntonioMirante,08/07/1983,1983,7,8,3,ParmaFC,Italy,5.5
780,LoïcPerrin,07/08/1985,1985,8,7,3,ASSaint-Étienne,France,5.5
781,RobertSnodgrass,07/09/1987,1987,9,7,3,NorwichCity,Scotland,5.5
782,VasilisTorosidis,10/06/1985,1985,6,10,2,ASRoma,Greece,5.5
783,FernandoBelluschi,10/09/1983,1983,9,10,3,Bursaspor,Argentina,5.5
784,StevenDavis,01/01/1985,1985,1,1,1,SouthamptonFC,NorthernIreland,5.5
785,JuanVargas,05/10/1983,1983,10,5,4,ACFiorentina,Peru,5.5
786,CristianVillagra,27/12/1985,1985,12,27,4,MetalistKharkiv,Argentina,5.5
787,GermánDenis,10/09/1981,1981,9,10,3,AtalantaBC,Argentina,5.5
788,OlaToivonen,03/07/1986,1986,7,3,3,StadeRennaisFC,Sweden,5.5
789,ManueldaCosta,06/05/1986,1986,5,6,2,Sivasspor,Portugal,5.5
790,NenadTomovic,30/08/1987,1987,8,30,3,ACFiorentina,Serbia,5.5
791,TonyJantschke,07/04/1990,1990,4,7,2,BorussiaMönchengladbach,Germany,5.5
792,SebastiánBlanco,15/03/1988,1988,3,15,1,MetalistKharkiv,Argentina,5.5
793,Jean-ArmelKana-Biyik,03/07/1989,1989,7,3,3,StadeRennaisFC,Cameroon,5.5
794,DiegoÂngelo,12/02/1986,1986,2,12,1,Eskisehirspor,Brazil,5.5
795,MiguelBritos,17/07/1985,1985,7,17,3,SSCNapoli,Uruguay,5.5
796,ChristophKramer,19/02/1991,1991,2,19,1,BorussiaMönchengladbach,Germany,5.5
797,MarcosRojo,20/03/1990,1990,3,20,1,SportingLisbon,Argentina,5.5
798,AbdelazizBarrada,19/06/1989,1989,6,19,2,Al-Jazira(AbuDhabi),Morocco,5.5
799,LamineSané,22/03/1987,1987,3,22,1,FCGirondinsBordeaux,Senegal,5.5
800,NampalysMendy,23/06/1992,1992,6,23,2,OGCNizza,France,5.5
801,ZakariaLabyad,09/03/1993,1993,3,9,1,VitesseArnhem,Morocco,5.5
802,NicolaLeali,17/02/1993,1993,2,17,1,SpeziaCalcio,Italy,5.5
803,YannickFerreira-Carrasco,04/09/1993,1993,9,4,3,ASMonaco,Belgium,5.5
804,BenDavies,24/04/1993,1993,4,24,2,SwanseaCity,Wales,5.5
805,GustavoColman,19/04/1985,1985,4,19,2,Trabzonspor,Argentina,5.25
806,Xandão,23/02/1988,1988,2,23,1,KubanKrasnodar,Brazil,5.2
807,RomanWeidenfeller,06/08/1980,1980,8,6,3,BorussiaDortmund,Germany,5
808,AshleyCole,20/12/1980,1980,12,20,4,ChelseaFC,England,5
809,GarethBarry,23/02/1981,1981,2,23,1,EvertonFC,England,5
810,KevinNolan,24/06/1982,1982,6,24,2,WestHamUnited,England,5
811,StewartDowning,22/07/1984,1984,7,22,3,WestHamUnited,England,5
812,MaartenStekelenburg,22/09/1982,1982,9,22,3,FulhamFC,Netherlands,5
813,StijnSchaars,11/01/1984,1984,1,11,1,PSVEindhoven,Netherlands,5
814,GianluigiBuffon,28/01/1978,1978,1,28,1,JuventusFC,Italy,5
815,CédricCarrasso,30/12/1981,1981,12,30,4,FCGirondinsBordeaux,France,5
816,AleksandrRyazantsev,05/09/1986,1986,9,5,3,ZenitSt.Petersburg,Russia,5
817,JonatanSoriano,24/09/1985,1985,9,24,3,RedBullSalzburg,Spain,5
818,OlegGusev,25/04/1983,1983,4,25,2,DynamoKyiv,Ukraine,5
819,LudovicObraniak,10/11/1984,1984,11,10,4,SVWerderBremen,Poland,5
820,BrunoAlves,27/11/1981,1981,11,27,4,FenerbahceSK,Portugal,5
821,Luisão,13/02/1981,1981,2,13,1,SLBenfica,Brazil,5
822,DarrenBent,06/02/1984,1984,2,6,1,FulhamFC,England,5
823,IbrahimAfellay,02/04/1986,1986,4,2,2,FCBarcelona,Netherlands,5
824,ÉdgarBarreto,15/07/1984,1984,7,15,3,USPalermo,Paraguay,5
825,BenoîtAssou-Ekotto,24/03/1984,1984,3,24,1,QueensParkRangers,Cameroon,5
826,PanagiotisKone,26/07/1987,1987,7,26,3,BolognaFC1909,Greece,5
827,WillyCaballero,28/09/1981,1981,9,28,3,MálagaCF,Argentina,5
828,MatíasSilvestre,25/09/1984,1984,9,25,3,ACMilan,Argentina,5
829,ChristianMaggio,11/02/1982,1982,2,11,1,SSCNapoli,Italy,5
830,Nilmar,14/07/1984,1984,7,14,3,El-JaishSportsClub,Brazil,5
831,OndrejMazuch,15/03/1989,1989,3,15,1,DniproDnipropetrovsk,CzechRepublic,5
832,EmilianoViviano,01/12/1985,1985,12,1,4,ArsenalFC,Italy,5
833,IvánRamis,25/10/1984,1984,10,25,4,WiganAthletic,Spain,5
834,LuchoGonzález,19/01/1981,1981,1,19,1,Al-RayyanSportsClub,Argentina,5
835,LeandroFernández,30/01/1983,1983,1,30,1,DinamoMoscow,Argentina,5
836,LisandroLópez,02/03/1983,1983,3,2,1,Al-GharafaSportsClub,Argentina,5
837,OgnjenVukojevic,20/12/1983,1983,12,20,4,DynamoKyiv,Croatia,5
838,ChristopheJallet,31/10/1983,1983,10,31,4,ParisSaint-Germain,France,5
839,CharlieAdam,10/12/1985,1985,12,10,4,StokeCity,Scotland,5
840,Jádson,05/10/1983,1983,10,5,4,SportClubCorinthiansPaulista,Brazil,5
841,GuillermoOchoa,13/07/1985,1985,7,13,3,ACAjaccio,Mexico,5
842,VeliKavlak,03/11/1988,1988,11,3,4,BesiktasJK,Austria,5
843,RonVlaar,16/02/1985,1985,2,16,1,AstonVilla,Netherlands,5
844,ZlatkoJunuzovic,26/09/1987,1987,9,26,3,SVWerderBremen,Austria,5
845,VladimirGranat,22/05/1987,1987,5,22,2,DinamoMoscow,Russia,5
846,MartinHarnik,10/06/1987,1987,6,10,2,VfBStuttgart,Austria,5
847,SebastianLarsson,06/06/1985,1985,6,6,2,SunderlandAFC,Sweden,5
848,Naldo,10/09/1982,1982,9,10,3,VfLWolfsburg,Brazil,5
849,CristianRodríguez,30/09/1985,1985,9,30,3,AtléticodeMadrid,Uruguay,5
850,CristianZapata,30/09/1986,1986,9,30,3,ACMilan,Colombia,5
851,LasseSchöne,27/05/1986,1986,5,27,2,AFCAjaxAmsterdam,Denmark,5
852,MarkoMarin,13/03/1989,1989,3,13,1,SevillaFC,Germany,5
853,MikelGonzález,24/09/1985,1985,9,24,3,RealSociedad,Spain,5
854,NikolaKalinic,05/01/1988,1988,1,5,1,DniproDnipropetrovsk,Croatia,5
855,ChrisBrunt,14/12/1984,1984,12,14,4,WestBromwichAlbion,NorthernIreland,5
856,AntonShunin,27/01/1987,1987,1,27,1,DinamoMoscow,Russia,5
857,AykutDemir,22/10/1988,1988,10,22,4,Trabzonspor,Turkey,5
858,FelipeCaicedo,05/09/1988,1988,9,5,3,Al-Jazira(AbuDhabi),Ecuador,5
859,MatiFernández,15/05/1986,1986,5,15,2,ACFiorentina,Chile,5
860,IvelinPopov,26/10/1987,1987,10,26,4,KubanKrasnodar,Bulgaria,5
861,VadisOdjidja-Ofoe,21/02/1989,1989,2,21,1,ClubBruggeKV,Belgium,5
862,Ari,11/12/1985,1985,12,11,4,FKKrasnodar,Brazil,5
863,BradGuzan,09/09/1984,1984,9,9,3,AstonVilla,UnitedStates,5
864,VictorAnichebe,23/04/1988,1988,4,23,2,WestBromwichAlbion,Nigeria,5
865,IvanStrinic,17/07/1987,1987,7,17,3,DniproDnipropetrovsk,Croatia,5
866,MorganAmalfitano,20/03/1985,1985,3,20,1,WestBromwichAlbion,France,5
867,MilanBadelj,25/02/1989,1989,2,25,1,HamburgerSV,Croatia,5
868,FabianLustenberger,02/05/1988,1988,5,2,2,HerthaBSC,Switzerland,5
869,AndréHahn,13/08/1990,1990,8,13,3,FCAugsburg,Germany,5
870,KévinConstant,15/05/1987,1987,5,15,2,ACMilan,Guine,5
871,EstebanGranero,02/07/1987,1987,7,2,3,RealSociedad,Spain,5
872,YoussufMulumbu,25/01/1987,1987,1,25,1,WestBromwichAlbion,CongoDR,5
873,JoelObi,22/05/1991,1991,5,22,2,ParmaFC,Nigeria,5
874,EmilianoInsúa,07/01/1989,1989,1,7,1,AtléticodeMadrid,Argentina,5
875,MubarakWakaso,25/07/1990,1990,7,25,3,RubinKazan,Ghana,5
876,DomagojVida,29/04/1989,1989,4,29,2,DynamoKyiv,Croatia,5
877,IgorSmolnikov,08/08/1988,1988,8,8,3,ZenitSt.Petersburg,Russia,5
878,BogdanStancu,28/06/1987,1987,6,28,2,GenclerbirligiAnkara,Romania,5
879,RickieLambert,16/02/1982,1982,2,16,1,SouthamptonFC,England,5
880,TimMatavz,13/01/1989,1989,1,13,1,PSVEindhoven,Slovenia,5
881,FabianDelph,21/11/1989,1989,11,21,4,AstonVilla,England,5
882,Licá,08/09/1988,1988,9,8,3,FCPorto,Portugal,5
883,SergioAsenjo,28/06/1989,1989,6,28,2,VillarrealCF,Spain,5
884,WálterGargano,23/07/1984,1984,7,23,3,ParmaFC,Uruguay,5
885,GonzaloBergessio,20/07/1984,1984,7,20,3,CalcioCatania,Argentina,5
886,DidierDigard,12/07/1986,1986,7,12,3,OGCNizza,France,5
887,RenatoAugusto,08/02/1988,1988,2,8,1,SportClubCorinthiansPaulista,Brazil,5
888,AlbertoBotía,27/01/1989,1989,1,27,1,ElcheCF,Spain,5
889,JonathanCristaldo,05/03/1989,1989,3,5,1,BolognaFC1909,Argentina,5
890,Mariano,23/06/1986,1986,6,23,2,FCGirondinsBordeaux,Brazil,5
891,DaniloD'Ambrosio,09/09/1988,1988,9,9,3,InterMilan,Italy,5
892,Neto,26/05/1988,1988,5,26,2,ZenitSt.Petersburg,Portugal,5
893,Wanderson,18/02/1986,1986,2,18,1,FKKrasnodar,Brazil,5
894,CharlesKaboré,09/02/1988,1988,2,9,1,KubanKrasnodar,BurkinaFaso,5
895,CarlosMartínez,09/04/1986,1986,4,9,2,RealSociedad,Spain,5
896,IgnacioCamacho,04/05/1990,1990,5,4,2,MálagaCF,Spain,5
897,NachoFernández,18/01/1990,1990,1,18,1,RealMadrid,Spain,5
898,JuniorHoilett,05/06/1990,1990,6,5,2,QueensParkRangers,Canada,5
899,DarylJanmaat,22/07/1989,1989,7,22,3,FeyenoordRotterdam,Netherlands,5
900,BrunoEcueleManga,16/07/1988,1988,7,16,3,FCLorient,Gabon,5
901,FacundoRoncaglia,10/02/1987,1987,2,10,1,ACFiorentina,Argentina,5
902,JamesTomkins,29/03/1989,1989,3,29,1,WestHamUnited,England,5
903,EmmanuelRivière,03/03/1990,1990,3,3,1,ASMonaco,France,5
904,VíctorRuiz,25/01/1989,1989,1,25,1,ValenciaCF,Spain,5
905,LiborKozak,30/05/1989,1989,5,30,2,AstonVilla,CzechRepublic,5
906,VicenteGuaita,10/01/1987,1987,1,10,1,ValenciaCF,Spain,5
907,SergioCanales,16/02/1991,1991,2,16,1,RealSociedad,Spain,5
908,FranckTabanou,30/01/1989,1989,1,30,1,ASSaint-Étienne,France,5
909,MarcoFabián,21/07/1989,1989,7,21,3,CDCruzAzul,Mexico,5
910,RafaelCarioca,18/06/1989,1989,6,18,2,SpartakMoscow,Brazil,5
911,AlbertoPaloschi,04/01/1990,1990,1,4,1,ChievoVerona,Italy,5
912,JoséAlbertoCañas,27/05/1987,1987,5,27,2,SwanseaCity,Spain,5
913,JonathanSchmid,22/06/1990,1990,6,22,2,SCFreiburg,France,5
914,Maicón,18/02/1990,1990,2,18,1,LokomotivMoscow,Brazil,5
915,Réver,04/01/1985,1985,1,4,1,ClubeAtléticoMineiro,Brazil,5
916,AlbertodelaBella,02/12/1985,1985,12,2,4,RealSociedad,Spain,5
917,DavidOspina,31/08/1988,1988,8,31,3,OGCNizza,Colombia,5
918,Alan,10/07/1989,1989,7,10,3,RedBullSalzburg,Brazil,5
919,AatifChahechouhe,02/07/1986,1986,7,2,3,Sivasspor,Morocco,5
920,Paul-JoséMpoku,19/04/1992,1992,4,19,2,StandardLiège,Belgium,5
921,Elias,16/05/1985,1985,5,16,2,SportingLisbon,Brazil,5
922,AbelHernández,08/08/1990,1990,8,8,3,USPalermo,Uruguay,5
923,MattPhillips,13/03/1991,1991,3,13,1,QueensParkRangers,Scotland,5
924,NecipUysal,24/01/1991,1991,1,24,1,BesiktasJK,Turkey,5
925,AlfredN'Diaye,06/03/1990,1990,3,6,1,RealBetisBalompié,Senegal,5
926,MartinKelly,27/04/1990,1990,4,27,2,LiverpoolFC,England,5
927,JeroenZoet,06/01/1991,1991,1,6,1,PSVEindhoven,Netherlands,5
928,NicolaSansone,10/09/1991,1991,9,10,3,USSassuolo,Italy,5
929,GökhanTöre,20/01/1992,1992,1,20,1,BesiktasJK,Turkey,5
930,MoritzLeitner,08/12/1992,1992,12,8,4,VfBStuttgart,Germany,5
931,Sílvio,28/09/1987,1987,9,28,3,SLBenfica,Portugal,5
932,RubénBotta,31/01/1990,1990,1,31,1,InterMilan,Argentina,5
933,GiulioDonati,05/02/1990,1990,2,5,1,Bayer04Leverkusen,Italy,5
934,VáclavKadlec,20/05/1992,1992,5,20,2,EintrachtFrankfurt,CzechRepublic,5
935,Ja-CheolKoo,27/02/1989,1989,2,27,1,1.FSVMainz05,"Korea,South",5
936,ChrisMavinga,26/05/1991,1991,5,26,2,RubinKazan,France,5
937,ConnorWickham,31/03/1993,1993,3,31,1,LeedsUnited,England,5
938,IlombeMboyo,22/04/1987,1987,4,22,2,KRCGenk,Belgium,5
939,SimoneZaza,25/06/1991,1991,6,25,2,USSassuolo,Italy,5
940,DenisCheryshev,26/12/1990,1990,12,26,4,SevillaFC,Russia,5
941,Ralf,09/06/1984,1984,6,9,2,SportClubCorinthiansPaulista,Brazil,5
942,MatejVydra,01/05/1992,1992,5,1,2,WestBromwichAlbion,CzechRepublic,5
943,WahbiKhazri,08/02/1991,1991,2,8,1,SCBastia,Tunisia,5
944,LukmanHaruna,04/12/1990,1990,12,4,4,DynamoKyiv,Nigeria,5
945,AllanNyom,10/05/1988,1988,5,10,2,GranadaCF,Cameroon,5
946,Suso,19/11/1993,1993,11,19,4,UDAlmería,Spain,5
947,YuriLodygin,26/05/1990,1990,5,26,2,ZenitSt.Petersburg,Russia,5
948,IdrissaGueye,26/09/1989,1989,9,26,3,OSCLille,Senegal,5
949,JackButland,10/03/1993,1993,3,10,1,LeedsUnited,England,5
950,NickPowell,23/03/1994,1994,3,23,1,WiganAthletic,England,5
951,AndréCarrillo,14/06/1991,1991,6,14,2,SportingLisbon,Peru,5
952,JasperCillessen,22/04/1989,1989,4,22,2,AFCAjaxAmsterdam,Netherlands,5
953,WissamBenYedder,12/08/1990,1990,8,12,3,FCToulouse,France,5
954,ÁlvaroVadillo,12/09/1994,1994,9,12,3,RealBetisBalompié,Spain,5
955,Kelvin,01/06/1993,1993,6,1,2,FCPorto,Brazil,5
956,MemphisDepay,13/02/1994,1994,2,13,1,PSVEindhoven,Netherlands,5
957,AnthonyMartial,05/12/1995,1995,12,5,4,ASMonaco,France,5
958,AlfredDuncan,10/03/1993,1993,3,10,1,ASLivorno,Ghana,5
959,SadioMané,10/04/1992,1992,4,10,2,RedBullSalzburg,Senegal,5
960,PauloDybala,15/11/1993,1993,11,15,4,USPalermo,Argentina,5
961,TinJedvaj,28/11/1995,1995,11,28,4,ASRoma,Croatia,5
962,RubénGarcía,14/07/1993,1993,7,14,3,LevanteUD,Spain,5
963,ImohEzekiel,24/10/1993,1993,10,24,4,StandardLiège,Nigeria,5
964,AndréGomes,30/07/1993,1993,7,30,3,SLBenfica,Portugal,5
965,ÁngelCorrea,09/03/1995,1995,3,9,1,ClubAtléticoSanLorenzodeAlmagro,Argentina,5
966,MustafaPektemek,11/08/1988,1988,8,11,3,BesiktasJK,Turkey,4.8
967,GeorgiMilanov,19/02/1992,1992,2,19,1,CSKAMoscow,Bulgaria,4.8
968,EmmanuelEboué,04/06/1983,1983,6,4,2,GalatasaraySK,Coted'Ivoire,4.75
969,PauloHenrique,13/03/1989,1989,3,13,1,Trabzonspor,Brazil,4.75
970,YohanMollo,18/07/1989,1989,7,18,3,ASSaint-Étienne,France,4.75
971,GueïdaFofana,16/05/1991,1991,5,16,2,OlympiqueLyon,France,4.75
972,LucasCastro,09/04/1989,1989,4,9,2,CalcioCatania,Argentina,4.7
973,OribePeralta,12/01/1984,1984,1,12,1,SantosLaguna,Mexico,4.6
974,MarcoBorriello,18/06/1982,1982,6,18,2,WestHamUnited,Italy,4.5
975,FabricioColoccini,22/01/1982,1982,1,22,1,NewcastleUnited,Argentina,4.5
976,KaluUche,15/11/1982,1982,11,15,4,Al-RayyanSportsClub,Nigeria,4.5
977,ChristianFuchs,07/04/1986,1986,4,7,2,FCSchalke04,Austria,4.5
978,SejadSalihovic,08/10/1984,1984,10,8,4,TSG1899Hoffenheim,Bosnia-Herzegovina,4.5
979,UmutBulut,15/03/1983,1983,3,15,1,GalatasaraySK,Turkey,4.5
980,ScottBrown,25/06/1985,1985,6,25,2,CelticFC,Scotland,4.5
981,WayneRoutledge,07/01/1985,1985,1,7,1,SwanseaCity,England,4.5
982,RyanBabel,19/12/1986,1986,12,19,4,KasimpasaSK,Netherlands,4.5
983,PierreWebó,20/01/1982,1982,1,20,1,FenerbahceSK,Cameroon,4.5
984,JérémyClément,26/08/1984,1984,8,26,3,ASSaint-Étienne,France,4.5
985,FedericoPeluso,20/01/1984,1984,1,20,1,JuventusFC,Italy,4.5
986,AntonioNocerino,09/04/1985,1985,4,9,2,WestHamUnited,Italy,4.5
987,LucaRigoni,07/12/1984,1984,12,7,4,ChievoVerona,Italy,4.5
988,ErkanZengin,05/08/1985,1985,8,5,3,Eskisehirspor,Sweden,4.5
989,ChrisEagles,19/11/1985,1985,11,19,4,BoltonWanderers,England,4.5
990,MilanBisevac,31/08/1983,1983,8,31,3,OlympiqueLyon,Serbia,4.5
991,SergeyRyzhikov,19/09/1980,1980,9,19,3,RubinKazan,Russia,4.5
992,RúbenAmorim,27/01/1985,1985,1,27,1,SLBenfica,Portugal,4.5
993,ZdravkoKuzmanovic,22/09/1987,1987,9,22,3,InterMilan,Serbia,4.5
994,EljeroElia,13/02/1987,1987,2,13,1,SVWerderBremen,Netherlands,4.5
995,JohnRuddy,24/10/1986,1986,10,24,4,NorwichCity,England,4.5
996,KennethVermeer,10/01/1986,1986,1,10,1,AFCAjaxAmsterdam,Netherlands,4.5
997,MaximilianoMoralez,27/02/1987,1987,2,27,1,AtalantaBC,Argentina,4.5
998,DaríoCvitanich,16/05/1984,1984,5,16,2,OGCNizza,Argentina,4.5
999,GeoffCameron,11/07/1985,1985,7,11,3,StokeCity,UnitedStates,4.5
1000,SébastienBassong,09/07/1986,1986,7,9,3,NorwichCity,Cameroon,4.5
